DATE,Q1_BEARISH,Q1_BULLISH,Q1_BROWNIAN,Q1_MEAN_REVERT,Q1_TOTAL,Q2_BEARISH,Q2_BULLISH,Q2_BROWNIAN,Q2_MEAN_REVERT,Q2_TOTAL,Q3_BEARISH,Q3_BULLISH,Q3_BROWNIAN,Q3_MEAN_REVERT,Q3_TOTAL,Q4_BEARISH,Q4_BULLISH,Q4_BROWNIAN,Q4_MEAN_REVERT,Q4_TOTAL,Q1_BULL,Q2_BULL,Q3_BULL,Q4_BULL,Q1_BEAR,Q2_BEAR,Q3_BEAR,Q4_BEAR,Q1_NOISE,Q2_NOISE,Q3_NOISE,Q4_NOISE,Q1_REVERT,Q2_REVERT,Q3_REVERT,Q4_REVERT
2021-07-15 00:00:00,9.0,2.0,5.0,7.0,23.0,6.0,2.0,2.0,6.0,16.0,5.0,3.0,3.0,4.0,15.0,8.0,5.0,1.0,1.0,15.0,0.08695652173913043,0.125,0.2,0.3333333333333333,0.391304347826087,0.375,0.3333333333333333,0.5333333333333333,0.21739130434782608,0.125,0.2,0.06666666666666667,0.30434782608695654,0.375,0.26666666666666666,0.06666666666666667
2021-07-16 00:00:00,8.0,3.0,5.0,7.0,23.0,5.0,3.0,3.0,5.0,16.0,4.0,3.0,3.0,5.0,15.0,7.0,5.0,1.0,2.0,15.0,0.13043478260869565,0.1875,0.2,0.3333333333333333,0.34782608695652173,0.3125,0.26666666666666666,0.4666666666666667,0.21739130434782608,0.1875,0.2,0.06666666666666667,0.30434782608695654,0.3125,0.3333333333333333,0.13333333333333333
2021-07-17 00:00:00,3.0,9.0,4.0,7.0,23.0,3.0,6.0,2.0,5.0,16.0,2.0,5.0,3.0,5.0,15.0,4.0,8.0,1.0,2.0,15.0,0.391304347826087,0.375,0.3333333333333333,0.5333333333333333,0.13043478260869565,0.1875,0.13333333333333333,0.26666666666666666,0.17391304347826086,0.125,0.2,0.06666666666666667,0.30434782608695654,0.3125,0.3333333333333333,0.13333333333333333
2021-07-18 00:00:00,3.0,9.0,4.0,7.0,23.0,3.0,6.0,2.0,5.0,16.0,2.0,5.0,3.0,5.0,15.0,4.0,8.0,1.0,2.0,15.0,0.391304347826087,0.375,0.3333333333333333,0.5333333333333333,0.13043478260869565,0.1875,0.13333333333333333,0.26666666666666666,0.17391304347826086,0.125,0.2,0.06666666666666667,0.30434782608695654,0.3125,0.3333333333333333,0.13333333333333333
2021-07-19 00:00:00,3.0,9.0,4.0,7.0,23.0,3.0,6.0,2.0,5.0,16.0,2.0,5.0,3.0,5.0,15.0,4.0,8.0,1.0,2.0,15.0,0.391304347826087,0.375,0.3333333333333333,0.5333333333333333,0.13043478260869565,0.1875,0.13333333333333333,0.26666666666666666,0.17391304347826086,0.125,0.2,0.06666666666666667,0.30434782608695654,0.3125,0.3333333333333333,0.13333333333333333
2021-07-20 00:00:00,3.0,10.0,3.0,7.0,23.0,4.0,5.0,1.0,6.0,16.0,3.0,3.0,3.0,6.0,15.0,4.0,8.0,0.0,3.0,15.0,0.43478260869565216,0.3125,0.2,0.5333333333333333,0.13043478260869565,0.25,0.2,0.26666666666666666,0.13043478260869565,0.0625,0.2,0.0,0.30434782608695654,0.375,0.4,0.2
2021-07-21 00:00:00,3.0,9.0,7.0,4.0,23.0,4.0,5.0,2.0,5.0,16.0,3.0,3.0,3.0,6.0,15.0,4.0,8.0,0.0,3.0,15.0,0.391304347826087,0.3125,0.2,0.5333333333333333,0.13043478260869565,0.25,0.2,0.26666666666666666,0.30434782608695654,0.125,0.2,0.0,0.17391304347826086,0.3125,0.4,0.2
2021-07-22 00:00:00,2.0,9.0,8.0,4.0,23.0,2.0,5.0,4.0,5.0,16.0,2.0,4.0,3.0,6.0,15.0,3.0,8.0,3.0,1.0,15.0,0.391304347826087,0.3125,0.26666666666666666,0.5333333333333333,0.08695652173913043,0.125,0.13333333333333333,0.2,0.34782608695652173,0.25,0.2,0.2,0.17391304347826086,0.3125,0.4,0.06666666666666667
2021-07-23 00:00:00,2.0,9.0,5.0,7.0,23.0,2.0,5.0,2.0,7.0,16.0,2.0,4.0,3.0,6.0,15.0,3.0,8.0,4.0,0.0,15.0,0.391304347826087,0.3125,0.26666666666666666,0.5333333333333333,0.08695652173913043,0.125,0.13333333333333333,0.2,0.21739130434782608,0.125,0.2,0.26666666666666666,0.30434782608695654,0.4375,0.4,0.0
2021-07-24 00:00:00,3.0,8.0,5.0,7.0,23.0,3.0,4.0,2.0,7.0,16.0,2.0,4.0,3.0,6.0,15.0,4.0,8.0,3.0,0.0,15.0,0.34782608695652173,0.25,0.26666666666666666,0.5333333333333333,0.13043478260869565,0.1875,0.13333333333333333,0.26666666666666666,0.21739130434782608,0.125,0.2,0.2,0.30434782608695654,0.4375,0.4,0.0
2021-07-25 00:00:00,3.0,8.0,5.0,7.0,23.0,3.0,4.0,2.0,7.0,16.0,2.0,4.0,3.0,6.0,15.0,4.0,8.0,3.0,0.0,15.0,0.34782608695652173,0.25,0.26666666666666666,0.5333333333333333,0.13043478260869565,0.1875,0.13333333333333333,0.26666666666666666,0.21739130434782608,0.125,0.2,0.2,0.30434782608695654,0.4375,0.4,0.0
2021-07-27 00:00:00,4.0,10.0,2.0,7.0,23.0,3.0,4.0,2.0,7.0,16.0,2.0,4.0,4.0,5.0,15.0,4.0,8.0,2.0,1.0,15.0,0.43478260869565216,0.25,0.26666666666666666,0.5333333333333333,0.17391304347826086,0.1875,0.13333333333333333,0.26666666666666666,0.08695652173913043,0.125,0.26666666666666666,0.13333333333333333,0.30434782608695654,0.4375,0.3333333333333333,0.06666666666666667
2021-07-28 00:00:00,4.0,9.0,2.0,8.0,23.0,3.0,4.0,2.0,7.0,16.0,2.0,4.0,3.0,6.0,15.0,4.0,8.0,1.0,2.0,15.0,0.391304347826087,0.25,0.26666666666666666,0.5333333333333333,0.17391304347826086,0.1875,0.13333333333333333,0.26666666666666666,0.08695652173913043,0.125,0.2,0.06666666666666667,0.34782608695652173,0.4375,0.4,0.13333333333333333
2021-07-29 00:00:00,5.0,8.0,2.0,8.0,23.0,3.0,4.0,2.0,7.0,16.0,2.0,4.0,3.0,6.0,15.0,4.0,8.0,1.0,2.0,15.0,0.34782608695652173,0.25,0.26666666666666666,0.5333333333333333,0.21739130434782608,0.1875,0.13333333333333333,0.26666666666666666,0.08695652173913043,0.125,0.2,0.06666666666666667,0.34782608695652173,0.4375,0.4,0.13333333333333333
2021-07-30 00:00:00,4.0,9.0,2.0,8.0,23.0,3.0,5.0,2.0,6.0,16.0,2.0,4.0,3.0,6.0,15.0,4.0,8.0,1.0,2.0,15.0,0.391304347826087,0.3125,0.26666666666666666,0.5333333333333333,0.17391304347826086,0.1875,0.13333333333333333,0.26666666666666666,0.08695652173913043,0.125,0.2,0.06666666666666667,0.34782608695652173,0.375,0.4,0.13333333333333333
2021-08-01 00:00:00,3.0,8.0,4.0,8.0,23.0,3.0,5.0,2.0,6.0,16.0,2.0,5.0,3.0,5.0,15.0,3.0,10.0,0.0,2.0,15.0,0.34782608695652173,0.3125,0.3333333333333333,0.6666666666666666,0.13043478260869565,0.1875,0.13333333333333333,0.2,0.17391304347826086,0.125,0.2,0.0,0.34782608695652173,0.375,0.3333333333333333,0.13333333333333333
2021-08-02 00:00:00,3.0,8.0,4.0,8.0,23.0,3.0,5.0,2.0,6.0,16.0,2.0,5.0,3.0,5.0,15.0,3.0,10.0,0.0,2.0,15.0,0.34782608695652173,0.3125,0.3333333333333333,0.6666666666666666,0.13043478260869565,0.1875,0.13333333333333333,0.2,0.17391304347826086,0.125,0.2,0.0,0.34782608695652173,0.375,0.3333333333333333,0.13333333333333333
2021-08-03 00:00:00,3.0,8.0,6.0,6.0,23.0,4.0,5.0,3.0,4.0,16.0,3.0,5.0,2.0,5.0,15.0,3.0,10.0,0.0,2.0,15.0,0.34782608695652173,0.3125,0.3333333333333333,0.6666666666666666,0.13043478260869565,0.25,0.2,0.2,0.2608695652173913,0.1875,0.13333333333333333,0.0,0.2608695652173913,0.25,0.3333333333333333,0.13333333333333333
2021-08-04 00:00:00,2.0,8.0,10.0,3.0,23.0,2.0,6.0,6.0,2.0,16.0,2.0,4.0,6.0,3.0,15.0,3.0,9.0,1.0,2.0,15.0,0.34782608695652173,0.375,0.26666666666666666,0.6,0.08695652173913043,0.125,0.13333333333333333,0.2,0.43478260869565216,0.375,0.4,0.06666666666666667,0.13043478260869565,0.125,0.2,0.13333333333333333
2021-08-05 00:00:00,1.0,8.0,11.0,3.0,23.0,1.0,5.0,8.0,2.0,16.0,2.0,3.0,7.0,3.0,15.0,2.0,9.0,2.0,2.0,15.0,0.34782608695652173,0.3125,0.2,0.6,0.043478260869565216,0.0625,0.13333333333333333,0.13333333333333333,0.4782608695652174,0.5,0.4666666666666667,0.13333333333333333,0.13043478260869565,0.125,0.2,0.13333333333333333
2021-08-06 00:00:00,2.0,11.0,7.0,3.0,23.0,2.0,5.0,7.0,2.0,16.0,2.0,4.0,6.0,3.0,15.0,2.0,10.0,1.0,2.0,15.0,0.4782608695652174,0.3125,0.26666666666666666,0.6666666666666666,0.08695652173913043,0.125,0.13333333333333333,0.13333333333333333,0.30434782608695654,0.4375,0.4,0.06666666666666667,0.13043478260869565,0.125,0.2,0.13333333333333333
2021-08-08 00:00:00,2.0,11.0,7.0,3.0,23.0,2.0,5.0,7.0,2.0,16.0,2.0,3.0,7.0,3.0,15.0,2.0,9.0,3.0,1.0,15.0,0.4782608695652174,0.3125,0.2,0.6,0.08695652173913043,0.125,0.13333333333333333,0.13333333333333333,0.30434782608695654,0.4375,0.4666666666666667,0.2,0.13043478260869565,0.125,0.2,0.06666666666666667
2021-08-09 00:00:00,2.0,11.0,7.0,3.0,23.0,2.0,5.0,7.0,2.0,16.0,2.0,3.0,7.0,3.0,15.0,2.0,9.0,3.0,1.0,15.0,0.4782608695652174,0.3125,0.2,0.6,0.08695652173913043,0.125,0.13333333333333333,0.13333333333333333,0.30434782608695654,0.4375,0.4666666666666667,0.2,0.13043478260869565,0.125,0.2,0.06666666666666667
2021-08-10 00:00:00,2.0,11.0,5.0,5.0,23.0,2.0,5.0,5.0,4.0,16.0,2.0,3.0,5.0,5.0,15.0,2.0,9.0,2.0,2.0,15.0,0.4782608695652174,0.3125,0.2,0.6,0.08695652173913043,0.125,0.13333333333333333,0.13333333333333333,0.21739130434782608,0.3125,0.3333333333333333,0.13333333333333333,0.21739130434782608,0.25,0.3333333333333333,0.13333333333333333
2021-08-11 00:00:00,2.0,10.0,4.0,7.0,23.0,2.0,5.0,4.0,5.0,16.0,2.0,3.0,5.0,5.0,15.0,3.0,9.0,1.0,2.0,15.0,0.43478260869565216,0.3125,0.2,0.6,0.08695652173913043,0.125,0.13333333333333333,0.2,0.17391304347826086,0.25,0.3333333333333333,0.06666666666666667,0.30434782608695654,0.3125,0.3333333333333333,0.13333333333333333
2021-08-12 00:00:00,2.0,10.0,6.0,5.0,23.0,2.0,5.0,5.0,4.0,16.0,2.0,2.0,5.0,6.0,15.0,3.0,8.0,1.0,3.0,15.0,0.43478260869565216,0.3125,0.13333333333333333,0.5333333333333333,0.08695652173913043,0.125,0.13333333333333333,0.2,0.2608695652173913,0.3125,0.3333333333333333,0.06666666666666667,0.21739130434782608,0.25,0.4,0.2
2021-08-13 00:00:00,3.0,10.0,6.0,4.0,23.0,3.0,5.0,5.0,3.0,16.0,2.0,2.0,6.0,5.0,15.0,3.0,8.0,1.0,3.0,15.0,0.43478260869565216,0.3125,0.13333333333333333,0.5333333333333333,0.13043478260869565,0.1875,0.13333333333333333,0.2,0.2608695652173913,0.3125,0.4,0.06666666666666667,0.17391304347826086,0.1875,0.3333333333333333,0.2
2021-08-15 00:00:00,3.0,10.0,7.0,3.0,23.0,3.0,5.0,5.0,3.0,16.0,2.0,2.0,7.0,4.0,15.0,2.0,8.0,2.0,3.0,15.0,0.43478260869565216,0.3125,0.13333333333333333,0.5333333333333333,0.13043478260869565,0.1875,0.13333333333333333,0.13333333333333333,0.30434782608695654,0.3125,0.4666666666666667,0.13333333333333333,0.13043478260869565,0.1875,0.26666666666666666,0.2
2021-08-16 00:00:00,3.0,10.0,7.0,3.0,23.0,3.0,5.0,5.0,3.0,16.0,2.0,2.0,7.0,4.0,15.0,2.0,8.0,2.0,3.0,15.0,0.43478260869565216,0.3125,0.13333333333333333,0.5333333333333333,0.13043478260869565,0.1875,0.13333333333333333,0.13333333333333333,0.30434782608695654,0.3125,0.4666666666666667,0.13333333333333333,0.13043478260869565,0.1875,0.26666666666666666,0.2
2021-08-17 00:00:00,2.0,12.0,6.0,3.0,23.0,2.0,6.0,6.0,2.0,16.0,2.0,2.0,6.0,5.0,15.0,2.0,7.0,3.0,3.0,15.0,0.5217391304347826,0.375,0.13333333333333333,0.4666666666666667,0.08695652173913043,0.125,0.13333333333333333,0.13333333333333333,0.2608695652173913,0.375,0.4,0.2,0.13043478260869565,0.125,0.3333333333333333,0.2
2021-08-18 00:00:00,2.0,11.0,7.0,3.0,23.0,2.0,6.0,5.0,3.0,16.0,2.0,1.0,7.0,5.0,15.0,2.0,7.0,3.0,3.0,15.0,0.4782608695652174,0.375,0.06666666666666667,0.4666666666666667,0.08695652173913043,0.125,0.13333333333333333,0.13333333333333333,0.30434782608695654,0.3125,0.4666666666666667,0.2,0.13043478260869565,0.1875,0.3333333333333333,0.2
2021-08-19 00:00:00,0.0,10.0,9.0,4.0,23.0,0.0,6.0,7.0,3.0,16.0,2.0,2.0,7.0,4.0,15.0,2.0,8.0,2.0,3.0,15.0,0.43478260869565216,0.375,0.13333333333333333,0.5333333333333333,0.0,0.0,0.13333333333333333,0.13333333333333333,0.391304347826087,0.4375,0.4666666666666667,0.13333333333333333,0.17391304347826086,0.1875,0.26666666666666666,0.2
2021-08-20 00:00:00,0.0,11.0,8.0,4.0,23.0,0.0,7.0,6.0,3.0,16.0,2.0,3.0,7.0,3.0,15.0,2.0,9.0,2.0,2.0,15.0,0.4782608695652174,0.4375,0.2,0.6,0.0,0.0,0.13333333333333333,0.13333333333333333,0.34782608695652173,0.375,0.4666666666666667,0.13333333333333333,0.17391304347826086,0.1875,0.2,0.13333333333333333
2021-08-22 00:00:00,0.0,11.0,8.0,4.0,23.0,0.0,7.0,6.0,3.0,16.0,2.0,3.0,7.0,3.0,15.0,2.0,9.0,2.0,2.0,15.0,0.4782608695652174,0.4375,0.2,0.6,0.0,0.0,0.13333333333333333,0.13333333333333333,0.34782608695652173,0.375,0.4666666666666667,0.13333333333333333,0.17391304347826086,0.1875,0.2,0.13333333333333333
2021-08-23 00:00:00,0.0,10.0,9.0,4.0,23.0,0.0,6.0,7.0,3.0,16.0,2.0,3.0,7.0,3.0,15.0,2.0,9.0,2.0,2.0,15.0,0.43478260869565216,0.375,0.2,0.6,0.0,0.0,0.13333333333333333,0.13333333333333333,0.391304347826087,0.4375,0.4666666666666667,0.13333333333333333,0.17391304347826086,0.1875,0.2,0.13333333333333333
2021-08-24 00:00:00,0.0,8.0,11.0,4.0,23.0,0.0,6.0,7.0,3.0,16.0,2.0,3.0,7.0,3.0,15.0,3.0,8.0,2.0,2.0,15.0,0.34782608695652173,0.375,0.2,0.5333333333333333,0.0,0.0,0.13333333333333333,0.2,0.4782608695652174,0.4375,0.4666666666666667,0.13333333333333333,0.17391304347826086,0.1875,0.2,0.13333333333333333
2021-08-25 00:00:00,0.0,9.0,9.0,5.0,23.0,0.0,7.0,5.0,4.0,16.0,2.0,3.0,5.0,5.0,15.0,3.0,8.0,2.0,2.0,15.0,0.391304347826087,0.4375,0.2,0.5333333333333333,0.0,0.0,0.13333333333333333,0.2,0.391304347826087,0.3125,0.3333333333333333,0.13333333333333333,0.21739130434782608,0.25,0.3333333333333333,0.13333333333333333
2021-08-26 00:00:00,1.0,10.0,7.0,5.0,23.0,0.0,8.0,5.0,3.0,16.0,2.0,5.0,3.0,5.0,15.0,3.0,8.0,2.0,2.0,15.0,0.43478260869565216,0.5,0.3333333333333333,0.5333333333333333,0.043478260869565216,0.0,0.13333333333333333,0.2,0.30434782608695654,0.3125,0.2,0.13333333333333333,0.21739130434782608,0.1875,0.3333333333333333,0.13333333333333333
2021-08-27 00:00:00,1.0,12.0,4.0,6.0,23.0,0.0,10.0,2.0,4.0,16.0,2.0,6.0,2.0,5.0,15.0,2.0,7.0,4.0,2.0,15.0,0.5217391304347826,0.625,0.4,0.4666666666666667,0.043478260869565216,0.0,0.13333333333333333,0.13333333333333333,0.17391304347826086,0.125,0.13333333333333333,0.26666666666666666,0.2608695652173913,0.25,0.3333333333333333,0.13333333333333333
2021-08-29 00:00:00,2.0,12.0,5.0,4.0,23.0,1.0,10.0,1.0,4.0,16.0,2.0,6.0,4.0,3.0,15.0,2.0,7.0,4.0,2.0,15.0,0.5217391304347826,0.625,0.4,0.4666666666666667,0.08695652173913043,0.0625,0.13333333333333333,0.13333333333333333,0.21739130434782608,0.0625,0.26666666666666666,0.26666666666666666,0.17391304347826086,0.25,0.2,0.13333333333333333
2021-08-30 00:00:00,2.0,12.0,5.0,4.0,23.0,1.0,10.0,1.0,4.0,16.0,2.0,6.0,4.0,3.0,15.0,2.0,7.0,4.0,2.0,15.0,0.5217391304347826,0.625,0.4,0.4666666666666667,0.08695652173913043,0.0625,0.13333333333333333,0.13333333333333333,0.21739130434782608,0.0625,0.26666666666666666,0.26666666666666666,0.17391304347826086,0.25,0.2,0.13333333333333333
2021-08-31 00:00:00,2.0,12.0,5.0,4.0,23.0,1.0,10.0,1.0,4.0,16.0,2.0,5.0,6.0,2.0,15.0,2.0,8.0,2.0,3.0,15.0,0.5217391304347826,0.625,0.3333333333333333,0.5333333333333333,0.08695652173913043,0.0625,0.13333333333333333,0.13333333333333333,0.21739130434782608,0.0625,0.4,0.13333333333333333,0.17391304347826086,0.25,0.13333333333333333,0.2
2021-09-01 00:00:00,1.0,11.0,6.0,5.0,23.0,0.0,9.0,3.0,4.0,16.0,3.0,5.0,5.0,2.0,15.0,2.0,8.0,2.0,3.0,15.0,0.4782608695652174,0.5625,0.3333333333333333,0.5333333333333333,0.043478260869565216,0.0,0.2,0.13333333333333333,0.2608695652173913,0.1875,0.3333333333333333,0.13333333333333333,0.21739130434782608,0.25,0.13333333333333333,0.2
2021-09-02 00:00:00,1.0,10.0,8.0,4.0,23.0,0.0,8.0,5.0,3.0,16.0,2.0,6.0,5.0,2.0,15.0,2.0,8.0,2.0,3.0,15.0,0.43478260869565216,0.5,0.4,0.5333333333333333,0.043478260869565216,0.0,0.13333333333333333,0.13333333333333333,0.34782608695652173,0.3125,0.3333333333333333,0.13333333333333333,0.17391304347826086,0.1875,0.13333333333333333,0.2
2021-09-03 00:00:00,1.0,10.0,6.0,6.0,23.0,0.0,7.0,4.0,5.0,16.0,3.0,6.0,4.0,2.0,15.0,2.0,7.0,4.0,2.0,15.0,0.43478260869565216,0.4375,0.4,0.4666666666666667,0.043478260869565216,0.0,0.2,0.13333333333333333,0.2608695652173913,0.25,0.26666666666666666,0.26666666666666666,0.2608695652173913,0.3125,0.13333333333333333,0.13333333333333333
2021-09-05 00:00:00,0.0,11.0,6.0,6.0,23.0,0.0,7.0,4.0,5.0,16.0,2.0,6.0,5.0,2.0,15.0,2.0,8.0,3.0,2.0,15.0,0.4782608695652174,0.4375,0.4,0.5333333333333333,0.0,0.0,0.13333333333333333,0.13333333333333333,0.2608695652173913,0.25,0.3333333333333333,0.2,0.2608695652173913,0.3125,0.13333333333333333,0.13333333333333333
2021-09-06 00:00:00,0.0,10.0,6.0,7.0,23.0,0.0,6.0,5.0,5.0,16.0,2.0,6.0,5.0,2.0,15.0,2.0,8.0,3.0,2.0,15.0,0.43478260869565216,0.375,0.4,0.5333333333333333,0.0,0.0,0.13333333333333333,0.13333333333333333,0.2608695652173913,0.3125,0.3333333333333333,0.2,0.30434782608695654,0.3125,0.13333333333333333,0.13333333333333333
2021-09-07 00:00:00,0.0,10.0,7.0,6.0,23.0,0.0,6.0,5.0,5.0,16.0,2.0,6.0,5.0,2.0,15.0,2.0,8.0,3.0,2.0,15.0,0.43478260869565216,0.375,0.4,0.5333333333333333,0.0,0.0,0.13333333333333333,0.13333333333333333,0.30434782608695654,0.3125,0.3333333333333333,0.2,0.2608695652173913,0.3125,0.13333333333333333,0.13333333333333333
2021-09-08 00:00:00,0.0,10.0,7.0,6.0,23.0,0.0,6.0,5.0,5.0,16.0,2.0,6.0,5.0,2.0,15.0,2.0,8.0,3.0,2.0,15.0,0.43478260869565216,0.375,0.4,0.5333333333333333,0.0,0.0,0.13333333333333333,0.13333333333333333,0.30434782608695654,0.3125,0.3333333333333333,0.2,0.2608695652173913,0.3125,0.13333333333333333,0.13333333333333333
2021-09-09 00:00:00,0.0,11.0,6.0,6.0,23.0,0.0,7.0,4.0,5.0,16.0,2.0,6.0,5.0,2.0,15.0,2.0,8.0,3.0,2.0,15.0,0.4782608695652174,0.4375,0.4,0.5333333333333333,0.0,0.0,0.13333333333333333,0.13333333333333333,0.2608695652173913,0.25,0.3333333333333333,0.2,0.2608695652173913,0.3125,0.13333333333333333,0.13333333333333333
2021-09-10 00:00:00,0.0,11.0,6.0,6.0,23.0,0.0,8.0,3.0,5.0,16.0,2.0,7.0,5.0,1.0,15.0,2.0,8.0,4.0,1.0,15.0,0.4782608695652174,0.5,0.4666666666666667,0.5333333333333333,0.0,0.0,0.13333333333333333,0.13333333333333333,0.2608695652173913,0.1875,0.3333333333333333,0.26666666666666666,0.2608695652173913,0.3125,0.06666666666666667,0.06666666666666667
2021-09-14 00:00:00,1.0,9.0,10.0,3.0,23.0,0.0,7.0,6.0,3.0,16.0,2.0,6.0,5.0,2.0,15.0,3.0,7.0,3.0,2.0,15.0,0.391304347826087,0.4375,0.4,0.4666666666666667,0.043478260869565216,0.0,0.13333333333333333,0.2,0.43478260869565216,0.375,0.3333333333333333,0.2,0.13043478260869565,0.1875,0.13333333333333333,0.13333333333333333
2021-09-15 00:00:00,1.0,9.0,9.0,4.0,23.0,0.0,7.0,7.0,2.0,16.0,3.0,7.0,4.0,1.0,15.0,3.0,7.0,4.0,1.0,15.0,0.391304347826087,0.4375,0.4666666666666667,0.4666666666666667,0.043478260869565216,0.0,0.2,0.2,0.391304347826087,0.4375,0.26666666666666666,0.26666666666666666,0.17391304347826086,0.125,0.06666666666666667,0.06666666666666667
2021-09-16 00:00:00,3.0,9.0,8.0,3.0,23.0,1.0,7.0,6.0,2.0,16.0,3.0,7.0,5.0,0.0,15.0,3.0,7.0,3.0,2.0,15.0,0.391304347826087,0.4375,0.4666666666666667,0.4666666666666667,0.13043478260869565,0.0625,0.2,0.2,0.34782608695652173,0.375,0.3333333333333333,0.2,0.13043478260869565,0.125,0.0,0.13333333333333333
2021-09-17 00:00:00,3.0,8.0,8.0,4.0,23.0,1.0,6.0,5.0,4.0,16.0,3.0,7.0,4.0,1.0,15.0,2.0,7.0,4.0,2.0,15.0,0.34782608695652173,0.375,0.4666666666666667,0.4666666666666667,0.13043478260869565,0.0625,0.2,0.13333333333333333,0.34782608695652173,0.3125,0.26666666666666666,0.26666666666666666,0.17391304347826086,0.25,0.06666666666666667,0.13333333333333333
2021-09-19 00:00:00,3.0,7.0,9.0,4.0,23.0,1.0,4.0,7.0,4.0,16.0,3.0,6.0,5.0,1.0,15.0,2.0,7.0,4.0,2.0,15.0,0.30434782608695654,0.25,0.4,0.4666666666666667,0.13043478260869565,0.0625,0.2,0.13333333333333333,0.391304347826087,0.4375,0.3333333333333333,0.26666666666666666,0.17391304347826086,0.25,0.06666666666666667,0.13333333333333333
2021-09-20 00:00:00,3.0,7.0,9.0,4.0,23.0,1.0,4.0,7.0,4.0,16.0,3.0,6.0,5.0,1.0,15.0,2.0,7.0,4.0,2.0,15.0,0.30434782608695654,0.25,0.4,0.4666666666666667,0.13043478260869565,0.0625,0.2,0.13333333333333333,0.391304347826087,0.4375,0.3333333333333333,0.26666666666666666,0.17391304347826086,0.25,0.06666666666666667,0.13333333333333333
2021-09-21 00:00:00,3.0,9.0,6.0,5.0,23.0,1.0,6.0,5.0,4.0,16.0,2.0,6.0,6.0,1.0,15.0,2.0,7.0,4.0,2.0,15.0,0.391304347826087,0.375,0.4,0.4666666666666667,0.13043478260869565,0.0625,0.13333333333333333,0.13333333333333333,0.2608695652173913,0.3125,0.4,0.26666666666666666,0.21739130434782608,0.25,0.06666666666666667,0.13333333333333333
2021-09-22 00:00:00,2.0,8.0,9.0,4.0,23.0,1.0,6.0,4.0,5.0,16.0,2.0,7.0,5.0,1.0,15.0,3.0,7.0,2.0,3.0,15.0,0.34782608695652173,0.375,0.4666666666666667,0.4666666666666667,0.08695652173913043,0.0625,0.13333333333333333,0.2,0.391304347826087,0.25,0.3333333333333333,0.13333333333333333,0.17391304347826086,0.3125,0.06666666666666667,0.2
2021-09-23 00:00:00,3.0,7.0,8.0,5.0,23.0,2.0,5.0,6.0,3.0,16.0,2.0,7.0,6.0,0.0,15.0,3.0,7.0,1.0,4.0,15.0,0.30434782608695654,0.3125,0.4666666666666667,0.4666666666666667,0.13043478260869565,0.125,0.13333333333333333,0.2,0.34782608695652173,0.375,0.4,0.06666666666666667,0.21739130434782608,0.1875,0.0,0.26666666666666666
2021-09-24 00:00:00,2.0,7.0,9.0,5.0,23.0,2.0,5.0,6.0,3.0,16.0,2.0,7.0,6.0,0.0,15.0,3.0,7.0,2.0,3.0,15.0,0.30434782608695654,0.3125,0.4666666666666667,0.4666666666666667,0.08695652173913043,0.125,0.13333333333333333,0.2,0.391304347826087,0.375,0.4,0.13333333333333333,0.21739130434782608,0.1875,0.0,0.2
2021-09-27 00:00:00,3.0,7.0,10.0,3.0,23.0,4.0,5.0,5.0,2.0,16.0,3.0,7.0,4.0,1.0,15.0,3.0,7.0,1.0,4.0,15.0,0.30434782608695654,0.3125,0.4666666666666667,0.4666666666666667,0.13043478260869565,0.25,0.2,0.2,0.43478260869565216,0.3125,0.26666666666666666,0.06666666666666667,0.13043478260869565,0.125,0.06666666666666667,0.26666666666666666
2021-09-28 00:00:00,3.0,8.0,8.0,4.0,23.0,3.0,6.0,4.0,3.0,16.0,5.0,7.0,1.0,2.0,15.0,3.0,7.0,1.0,4.0,15.0,0.34782608695652173,0.375,0.4666666666666667,0.4666666666666667,0.13043478260869565,0.1875,0.3333333333333333,0.2,0.34782608695652173,0.25,0.06666666666666667,0.06666666666666667,0.17391304347826086,0.1875,0.13333333333333333,0.26666666666666666
2021-09-29 00:00:00,2.0,9.0,9.0,3.0,23.0,2.0,7.0,5.0,2.0,16.0,5.0,7.0,1.0,2.0,15.0,3.0,7.0,2.0,3.0,15.0,0.391304347826087,0.4375,0.4666666666666667,0.4666666666666667,0.08695652173913043,0.125,0.3333333333333333,0.2,0.391304347826087,0.3125,0.06666666666666667,0.13333333333333333,0.13043478260869565,0.125,0.13333333333333333,0.2
2021-09-30 00:00:00,1.0,7.0,12.0,3.0,23.0,1.0,5.0,7.0,3.0,16.0,6.0,7.0,0.0,2.0,15.0,3.0,6.0,3.0,3.0,15.0,0.30434782608695654,0.3125,0.4666666666666667,0.4,0.043478260869565216,0.0625,0.4,0.2,0.5217391304347826,0.4375,0.0,0.2,0.13043478260869565,0.1875,0.13333333333333333,0.2
2021-10-01 00:00:00,1.0,7.0,11.0,4.0,23.0,0.0,5.0,7.0,4.0,16.0,4.0,7.0,2.0,2.0,15.0,3.0,6.0,3.0,3.0,15.0,0.30434782608695654,0.3125,0.4666666666666667,0.4,0.043478260869565216,0.0,0.26666666666666666,0.2,0.4782608695652174,0.4375,0.13333333333333333,0.2,0.17391304347826086,0.25,0.13333333333333333,0.2
2021-10-04 00:00:00,0.0,6.0,11.0,6.0,23.0,0.0,4.0,6.0,6.0,16.0,4.0,7.0,1.0,3.0,15.0,3.0,6.0,2.0,4.0,15.0,0.2608695652173913,0.25,0.4666666666666667,0.4,0.0,0.0,0.26666666666666666,0.2,0.4782608695652174,0.375,0.06666666666666667,0.13333333333333333,0.2608695652173913,0.375,0.2,0.26666666666666666
2021-10-05 00:00:00,0.0,5.0,10.0,8.0,23.0,0.0,4.0,6.0,6.0,16.0,3.0,7.0,2.0,3.0,15.0,3.0,6.0,1.0,5.0,15.0,0.21739130434782608,0.25,0.4666666666666667,0.4,0.0,0.0,0.2,0.2,0.43478260869565216,0.375,0.13333333333333333,0.06666666666666667,0.34782608695652173,0.375,0.2,0.3333333333333333
2021-10-06 00:00:00,0.0,5.0,9.0,9.0,23.0,0.0,4.0,6.0,6.0,16.0,3.0,7.0,2.0,3.0,15.0,2.0,6.0,3.0,4.0,15.0,0.21739130434782608,0.25,0.4666666666666667,0.4,0.0,0.0,0.2,0.13333333333333333,0.391304347826087,0.375,0.13333333333333333,0.2,0.391304347826087,0.375,0.2,0.26666666666666666
2021-10-07 00:00:00,0.0,5.0,7.0,11.0,23.0,0.0,4.0,4.0,8.0,16.0,2.0,6.0,4.0,3.0,15.0,1.0,5.0,4.0,5.0,15.0,0.21739130434782608,0.25,0.4,0.3333333333333333,0.0,0.0,0.13333333333333333,0.06666666666666667,0.30434782608695654,0.25,0.26666666666666666,0.26666666666666666,0.4782608695652174,0.5,0.2,0.3333333333333333
2021-10-08 00:00:00,0.0,5.0,8.0,10.0,23.0,0.0,3.0,5.0,8.0,16.0,3.0,6.0,4.0,2.0,15.0,2.0,5.0,3.0,5.0,15.0,0.21739130434782608,0.1875,0.4,0.3333333333333333,0.0,0.0,0.2,0.13333333333333333,0.34782608695652173,0.3125,0.26666666666666666,0.2,0.43478260869565216,0.5,0.13333333333333333,0.3333333333333333
2021-10-11 00:00:00,0.0,6.0,7.0,10.0,23.0,0.0,4.0,5.0,7.0,16.0,3.0,7.0,3.0,2.0,15.0,2.0,6.0,2.0,5.0,15.0,0.2608695652173913,0.25,0.4666666666666667,0.4,0.0,0.0,0.2,0.13333333333333333,0.30434782608695654,0.3125,0.2,0.13333333333333333,0.43478260869565216,0.4375,0.13333333333333333,0.3333333333333333
2021-10-12 00:00:00,1.0,5.0,7.0,10.0,23.0,0.0,4.0,5.0,7.0,16.0,3.0,8.0,2.0,2.0,15.0,2.0,6.0,2.0,5.0,15.0,0.21739130434782608,0.25,0.5333333333333333,0.4,0.043478260869565216,0.0,0.2,0.13333333333333333,0.30434782608695654,0.3125,0.13333333333333333,0.13333333333333333,0.43478260869565216,0.4375,0.13333333333333333,0.3333333333333333
2021-10-13 00:00:00,1.0,5.0,8.0,9.0,23.0,0.0,5.0,6.0,5.0,16.0,3.0,8.0,2.0,2.0,15.0,2.0,6.0,3.0,4.0,15.0,0.21739130434782608,0.3125,0.5333333333333333,0.4,0.043478260869565216,0.0,0.2,0.13333333333333333,0.34782608695652173,0.375,0.13333333333333333,0.2,0.391304347826087,0.3125,0.13333333333333333,0.26666666666666666
2021-10-14 00:00:00,2.0,5.0,9.0,7.0,23.0,1.0,5.0,7.0,3.0,16.0,3.0,8.0,2.0,2.0,15.0,2.0,6.0,2.0,5.0,15.0,0.21739130434782608,0.3125,0.5333333333333333,0.4,0.08695652173913043,0.0625,0.2,0.13333333333333333,0.391304347826087,0.4375,0.13333333333333333,0.13333333333333333,0.30434782608695654,0.1875,0.13333333333333333,0.3333333333333333
2021-10-15 00:00:00,2.0,6.0,6.0,9.0,23.0,1.0,5.0,4.0,6.0,16.0,3.0,7.0,4.0,1.0,15.0,2.0,6.0,2.0,5.0,15.0,0.2608695652173913,0.3125,0.4666666666666667,0.4,0.08695652173913043,0.0625,0.2,0.13333333333333333,0.2608695652173913,0.25,0.26666666666666666,0.13333333333333333,0.391304347826087,0.375,0.06666666666666667,0.3333333333333333
2021-10-18 00:00:00,0.0,6.0,7.0,10.0,23.0,0.0,5.0,4.0,7.0,16.0,1.0,7.0,5.0,2.0,15.0,1.0,6.0,2.0,6.0,15.0,0.2608695652173913,0.3125,0.4666666666666667,0.4,0.0,0.0,0.06666666666666667,0.06666666666666667,0.30434782608695654,0.25,0.3333333333333333,0.13333333333333333,0.43478260869565216,0.4375,0.13333333333333333,0.4
2021-10-19 00:00:00,0.0,6.0,8.0,9.0,23.0,0.0,5.0,5.0,6.0,16.0,2.0,7.0,4.0,2.0,15.0,3.0,5.0,2.0,5.0,15.0,0.2608695652173913,0.3125,0.4666666666666667,0.3333333333333333,0.0,0.0,0.13333333333333333,0.2,0.34782608695652173,0.3125,0.26666666666666666,0.13333333333333333,0.391304347826087,0.375,0.13333333333333333,0.3333333333333333
2021-10-20 00:00:00,0.0,6.0,6.0,11.0,23.0,0.0,5.0,4.0,7.0,16.0,2.0,7.0,3.0,3.0,15.0,3.0,4.0,3.0,5.0,15.0,0.2608695652173913,0.3125,0.4666666666666667,0.26666666666666666,0.0,0.0,0.13333333333333333,0.2,0.2608695652173913,0.25,0.2,0.2,0.4782608695652174,0.4375,0.2,0.3333333333333333
2021-10-21 00:00:00,1.0,5.0,5.0,12.0,23.0,0.0,3.0,6.0,7.0,16.0,3.0,5.0,5.0,2.0,15.0,3.0,4.0,3.0,5.0,15.0,0.21739130434782608,0.1875,0.3333333333333333,0.26666666666666666,0.043478260869565216,0.0,0.2,0.2,0.21739130434782608,0.375,0.3333333333333333,0.2,0.5217391304347826,0.4375,0.13333333333333333,0.3333333333333333
2021-10-22 00:00:00,1.0,6.0,5.0,11.0,23.0,0.0,4.0,6.0,6.0,16.0,4.0,5.0,4.0,2.0,15.0,3.0,4.0,3.0,5.0,15.0,0.2608695652173913,0.25,0.3333333333333333,0.26666666666666666,0.043478260869565216,0.0,0.26666666666666666,0.2,0.21739130434782608,0.375,0.26666666666666666,0.2,0.4782608695652174,0.375,0.13333333333333333,0.3333333333333333
